400.1021, 10.11765
400.26, 9.920805
400.4179, 11.21019
400.5758, 10.93992
400.7336, 10.66691
400.8915, 10.82643
401.0494, 13.72684
401.2072, 13.80765
401.3651, 11.87754
401.5229, 12.24447
401.6808, 12.13108
401.8387, 9.70464
401.9965, 9.204819
402.1543, 10.35831
402.3122, 10.13198
402.47, 11.76399
402.6278, 9.28784
402.7856, 10.5216
402.9435, 14.4252
403.1013, 15.51138
403.2591, 16.66255
403.4169, 16.74204
403.5747, 16.97372
403.7325, 15.02978
403.8903, 15.45072
404.0481, 19.03097
404.2059, 18.94555
404.3636, 18.25941
404.5215, 18.66928
404.6792, 19.24983
404.837, 17.90515
404.9948, 20.76989
405.1525, 15.90882
405.3103, 17.37968
405.468, 10.24473
405.6258, 10.80678
405.7835, 8.974869
405.9413, 9.820265
406.099, 10.86272
406.2568, 10.55068
406.4145, 10.19358
406.5722, 9.164786
406.7299, 8.288378
406.8877, 8.027378
407.0454, 13.27052
407.2031, 10.25842
407.3608, 9.81595
407.5186, 9.61695
407.6762, 11.33597
407.834, 10.69482
407.9916, 11.77068
408.1493, 12.02749
408.307, 15.00072
408.4647, 13.52362
408.6224, 13.03708
408.7801, 10.9485
408.9377, 15.98594
409.0954, 14.72163
409.2531, 17.15781
409.4107, 16.85076
409.5684, 17.89732
409.726, 18.20684
409.8837, 18.09449
410.0414, 21.09047
410.199, 25.53524
410.3566, 25.9438
410.5143, 27.5413
410.6719, 23.45734
410.8295, 20.07935
410.9871, 20.05871
411.1447, 19.20455
411.3024, 20.84489
411.46, 23.52018
411.6176, 19.89227
411.7752, 25.05225
411.9328, 20.13469
412.0904, 27.07026
412.248, 23.23115
412.4055, 27.66921
412.5631, 25.05142
412.7207, 28.23368
412.8783, 27.01268
413.0359, 32.24875
413.1935, 34.66744
413.351, 34.14746
413.5086, 35.94753
413.6661, 35.30941
413.8237, 34.9786
413.9812, 33.15649
414.1388, 33.9292
414.2963, 35.83426
414.4539, 36.96466
414.6114, 41.0953
414.7689, 41.78085
414.9264, 44.69278
415.084, 35.81168
415.2415, 42.60284
415.399, 37.07268
415.5565, 45.68707
415.714, 43.18043
415.8715, 43.31162
416.029, 44.40651
416.1865, 46.70354
416.344, 49.15225
416.5015, 47.43629
416.659, 49.85631
416.8164, 61.21445
416.9739, 61.53444
417.1314, 63.70871
417.2888, 64.49882
417.4463, 57.17508
417.6038, 58.09413
417.7612, 54.45395
417.9187, 55.13097
418.0761, 64.12135
418.2336, 62.37582
418.391, 66.7058
418.5484, 65.34329
418.7059, 70.73637
418.8633, 73.09209
419.0207, 66.77711
419.1781, 77.49835
419.3355, 84.5735
419.493, 88.76937
419.6504, 93.04499
419.8078, 95.83044
419.9652, 98.72739
420.1226, 99.91402
420.28, 95.80935
420.4373, 98.50342
420.5947, 103.4824
420.7521, 109.8617
420.9095, 117.7656
421.0669, 103.5187
421.2242, 109.7016
421.3816, 115.2653
421.539, 118.219
421.6963, 115.4407
421.8537, 122.8138
422.011, 117.4946
422.1684, 154.9552
422.3257, 156.3496
422.483, 149.4156
422.6404, 163.5826
422.7977, 164.5211
422.955, 175.1336
423.1123, 171.3408
423.2697, 183.9437
423.427, 222.9459
423.5843, 231.65
423.7416, 238.4977
423.8989, 230.4274
424.0562, 252.1956
424.2135, 248.1989
424.3708, 241.0433
424.528, 240.4219
424.6853, 236.412
424.8426, 238.6819
424.9999, 233.3062
425.1572, 257.3272
425.3144, 241.2438
425.4717, 284.3314
425.6289, 276.0938
425.7862, 308.76
425.9435, 294.33
426.1007, 303.7245
426.2579, 327.5313
426.4152, 313.6953
426.5724, 330.9185
426.7296, 334.6409
426.8869, 341.5547
427.0441, 359.9736
427.2013, 393.1248
427.3585, 414.4629
427.5157, 415.832
427.6729, 423.1557
427.8301, 458.5735
427.9873, 467.6862
428.1445, 488.2966
428.3017, 440.1795
428.4589, 438.2495
428.6161, 469.1414
428.7733, 496.7779
428.9305, 520.0149
429.0876, 532.2413
429.2448, 535.9371
429.4019, 529.0214
429.5591, 540.6242
429.7162, 590.0717
429.8734, 623.9238
430.0305, 649.7472
430.1877, 650.8597
430.3448, 672.2141
430.502, 687.934
430.6591, 678.5836
430.8162, 666.0016
430.9733, 735.4176
431.1305, 750.0359
431.2876, 772.2147
431.4447, 740.2574
431.6018, 723.0829
431.7589, 783.3671
431.916, 846.9427
432.0731, 868.8744
432.2302, 852.5574
432.3873, 891.61
432.5443, 907.8777
432.7014, 965.2407
432.8585, 978.4655
433.0156, 1001.972
433.1726, 1026.678
433.3297, 1079.685
433.4868, 1065.621
433.6438, 1080.929
433.8008, 1162.275
433.9579, 1194.907
434.1149, 1225.269
434.272, 1171.91
434.429, 1205.239
434.586, 1186.513
434.7431, 1254.998
434.9001, 1298.576
435.0571, 1332.825
435.2141, 1369.102
435.3711, 1421.865
435.5281, 1460.296
435.6852, 1413.906
435.8421, 1452.101
435.9991, 1533.042
436.1561, 1560.481
436.3131, 1634.125
436.4701, 1661.098
436.6271, 1662.968
436.784, 1732.152
436.941, 1748.62
437.098, 1818.275
437.2549, 1888.78
437.4119, 1866.306
437.5688, 1941.147
437.7258, 1927.078
437.8828, 1981.706
438.0397, 1974.814
438.1966, 2008.908
438.3535, 2013.977
438.5105, 2152.474
438.6674, 2183.533
438.8243, 2178.17
438.9812, 2204.157
439.1382, 2200.945
439.2951, 2312.537
439.452, 2391.352
439.6089, 2528.822
439.7658, 2476.644
439.9227, 2522.674
440.0796, 2523.093
440.2364, 2555.234
440.3933, 2613.151
440.5502, 2663.972
440.7071, 2692.62
440.8639, 2856.327
441.0208, 2822.676
441.1776, 2840.351
441.3345, 2907.839
441.4914, 3057.677
441.6482, 2990.135
441.8051, 3045.338
441.9619, 3142.721
442.1187, 3135.743
442.2755, 3209.135
442.4324, 3278.52
442.5892, 3346.909
442.746, 3409.944
442.9028, 3486.379
443.0597, 3540.327
443.2165, 3523.684
443.3733, 3548.299
443.5301, 3607.326
443.6869, 3704.86
443.8437, 3701.367
444.0004, 3638.781
444.1572, 3688.987
444.314, 3774.582
444.4708, 3855.453
444.6275, 3971.075
444.7843, 3952.761
444.9411, 3876.981
445.0978, 3895.561
445.2546, 3986.316
445.4113, 3965.265
445.5681, 4041.796
445.7248, 4078.073
445.8816, 4166.115
446.0383, 4217.499
446.195, 4219.433
446.3517, 4248.99
446.5085, 4215.411
446.6652, 4227.805
446.8219, 4280.526
446.9786, 4304.966
447.1353, 4329.982
447.292, 4405.094
447.4487, 4420.267
447.6054, 4422.543
447.7621, 4445.782
447.9188, 4454.593
448.0754, 4404.686
448.2321, 4390.71
448.3888, 4393.061
448.5455, 4452.521
448.7021, 4398.864
448.8588, 4383.851
449.0154, 4321.731
449.1721, 4352.295
449.3287, 4367.563
449.4854, 4348.065
449.642, 4416.824
449.7987, 4409.391
449.9553, 4347.98
450.1119, 4278.896
450.2686, 4325.082
450.4252, 4312.219
450.5818, 4243.322
450.7384, 4240.047
450.895, 4294.526
451.0516, 4275.132
451.2082, 4228.051
451.3648, 4299.25
451.5214, 4226.989
451.6779, 4123.227
451.8345, 4040.603
451.9911, 4031.555
452.1477, 3953.674
452.3043, 4089.369
452.4608, 4032.789
452.6174, 3976.313
452.774, 3935.613
452.9305, 3907.986
453.087, 3857.329
453.2436, 3849.905
453.4001, 3817.474
453.5567, 3784.198
453.7132, 3709.356
453.8697, 3767.024
454.0262, 3659.971
454.1828, 3610.637
454.3393, 3579.3
454.4958, 3600.309
454.6523, 3556.031
454.8088, 3501.813
454.9653, 3510.682
455.1218, 3445.69
455.2783, 3393.311
455.4348, 3318.44
455.5912, 3291.776
455.7477, 3241.776
455.9042, 3202.878
456.0607, 3171.25
456.2171, 3141.031
456.3736, 3106.549
456.5301, 3090.836
456.6865, 3064.004
456.843, 3046.204
456.9994, 2976.64
457.1559, 2919.618
457.3123, 2886.285
457.4687, 2893.44
457.6252, 2876.409
457.7816, 2864.467
457.938, 2839.909
458.0944, 2777.948
458.2508, 2719.327
458.4072, 2683.926
458.5636, 2655.271
458.72, 2671.324
458.8764, 2636.481
459.0328, 2615.573
459.1892, 2592.973
459.3456, 2619.317
459.502, 2553.382
459.6583, 2554.079
459.8147, 2482.557
459.9711, 2475.944
460.1274, 2447.855
460.2838, 2413.073
460.4401, 2432.857
460.5965, 2401.909
460.7528, 2370.908
460.9092, 2285.522
461.0655, 2264.877
461.2218, 2288.538
461.3782, 2310.396
461.5345, 2280.465
461.6908, 2264.262
461.8471, 2202.669
462.0034, 2174.074
462.1597, 2185.607
462.316, 2162.074
462.4724, 2151.406
462.6286, 2085.471
462.7849, 2070.764
462.9412, 2035.574
463.0975, 2012.897
463.2538, 2016.571
463.41, 2040.537
463.5663, 1997.846
463.7226, 1956.364
463.8788, 1943.738
464.0351, 1912.788
464.1913, 1923.113
464.3476, 1880.566
464.5038, 1911.869
464.6601, 1879.797
464.8163, 1854.366
464.9725, 1836.882
465.1288, 1795.351
465.285, 1767.225
465.4412, 1750.903
465.5974, 1760.25
465.7536, 1762.423
465.9099, 1741.836
466.066, 1713.426
466.2222, 1663.407
466.3784, 1653.717
466.5346, 1639.104
466.6908, 1618.925
466.847, 1610.32
467.0032, 1614.244
467.1593, 1611.398
467.3155, 1616.545
467.4717, 1614.618
467.6278, 1548.055
467.784, 1531.429
467.9401, 1498.245
468.0963, 1514.09
468.2524, 1454.998
468.4086, 1457.384
468.5647, 1454.101
468.7208, 1423.235
468.877, 1465.175
469.0331, 1409.697
469.1892, 1394.632
469.3453, 1379.65
469.5014, 1363.038
469.6575, 1342.822
469.8136, 1333.017
469.9697, 1330.938
470.1258, 1332.839
470.2819, 1294.729
470.438, 1269.812
470.5941, 1256.094
470.7501, 1245.134
470.9062, 1223.706
471.0623, 1241.972
471.2183, 1246.368
471.3744, 1225.573
471.5304, 1205.912
471.6865, 1193.768
471.8425, 1178.678
471.9986, 1098.861
472.1546, 1086.57
472.3106, 1085.849
472.4667, 1074.918
472.6227, 1064.27
472.7787, 1079.37
472.9347, 1061.833
473.0907, 1053.92
473.2467, 1043.239
473.4027, 1049.961
473.5587, 1027.698
473.7147, 1002.26
473.8707, 993.2736
474.0267, 984.2652
474.1827, 983.0653
474.3387, 976.35
474.4946, 975.8594
474.6506, 964.8442
474.8066, 955.9948
474.9625, 917.6824
475.1185, 896.6014
475.2744, 907.2067
475.4304, 905.3482
475.5863, 921.0455
475.7423, 914.1896
475.8982, 884.8009
476.0541, 913.3687
476.2101, 888.9868
476.366, 878.9661
476.5219, 874.9976
476.6778, 886.743
476.8337, 881.4564
476.9896, 866.5032
477.1455, 860.9607
477.3014, 855.639
477.4573, 841.6046
477.6132, 838.8781
477.7691, 839.9353
477.925, 822.5303
478.0808, 849.0822
478.2367, 837.1486
478.3926, 812.8922
478.5106, 819.382
478.668, 766.6716
478.8254, 764.5481
478.9828, 814.0982
479.1403, 762.8734
479.2977, 767.7813
479.4551, 777.5066
479.6125, 794.1288
479.7699, 778.6505
479.9273, 781.8571
480.0847, 773.1349
480.2421, 777.069
480.3995, 763.403
480.5569, 784.0639
480.7143, 769.251
480.8716, 781.271
481.029, 778.2413
481.1864, 776.5602
481.3438, 758.0367
481.5011, 773.3312
481.6584, 768.0443
481.8158, 773.9907
481.9731, 776.0743
482.1305, 750.4553
482.2878, 754.7642
482.4452, 780.4304
482.6025, 783.652
482.7599, 779.4474
482.9172, 781.8394
483.0745, 750.0311
483.2318, 749.5117
483.3891, 746.6564
483.5464, 751.1805
483.7037, 740.8637
483.8611, 740.5865
484.0183, 741.6193
484.1756, 742.0264
484.3329, 731.3682
484.4902, 751.0861
484.6475, 757.7759
484.8048, 751.278
484.9621, 754.717
485.1193, 755.2397
485.2766, 747.3752
485.4339, 750.8467
485.5911, 745.3023
485.7484, 746.1456
485.9056, 766.3583
486.0629, 767.4907
486.2201, 768.6891
486.3773, 790.0299
486.5346, 805.9243
486.6918, 795.8315
486.849, 801.5361
487.0063, 803.1891
487.1635, 808.916
487.3207, 792.0893
487.4779, 767.2134
487.6351, 779.9144
487.7923, 791.9817
487.9495, 785.4122
488.1067, 788.9771
488.2639, 791.5737
488.4211, 792.7563
488.5783, 803.1974
488.7355, 805.6954
488.8926, 807.1876
489.0498, 774.815
489.207, 823.3436
489.3641, 839.4798
489.5213, 844.2061
489.6785, 858.4886
489.8356, 850.028
489.9928, 831.6931
490.1499, 835.2028
490.307, 849.9058
490.4642, 842.9001
490.6213, 845.6883
490.7784, 867.3978
490.9355, 858.5164
491.0927, 862.6925
491.2498, 888.4254
491.4069, 892.8488
491.564, 874.5173
491.7211, 869.9005
491.8782, 865.0456
492.0353, 875.5368
492.1924, 880.4825
492.3495, 896.4406
492.5066, 915.7387
492.6637, 917.2012
492.8207, 944.6235
492.9778, 946.78
493.1349, 945.1342
493.2919, 950.4613
493.449, 946.4942
493.606, 944.7384
493.7631, 950.5195
493.9202, 959.5992
494.0772, 944.2558
494.2343, 937.3158
494.3913, 951.9235
494.5483, 942.2441
494.7054, 959.0942
494.8624, 978.4546
495.0194, 976.9131
495.1764, 996.6511
495.3334, 988.0883
495.4904, 980.113
495.6474, 1015.957
495.8044, 1035.047
495.9614, 1008.448
496.1184, 1011.283
496.2754, 1045.11
496.4324, 1024.734
496.5894, 1032.677
496.7463, 1097.495
496.9033, 1105.679
497.0603, 1088.561
497.2173, 1121.721
497.3742, 1104.534
497.5312, 1101.797
497.6881, 1077.893
497.8451, 1083.052
498.002, 1090.674
498.159, 1093.74
498.3159, 1123.33
498.4728, 1124.176
498.6298, 1163.777
498.7867, 1177.596
498.9436, 1178.016
499.1005, 1176.725
499.2574, 1206.066
499.4143, 1223.969
499.5712, 1190.1
499.7281, 1198.601
499.885, 1214.038
500.0419, 1227.997
500.1988, 1233.78
500.3557, 1254.51
500.5126, 1262.654
500.6694, 1257.997
500.8263, 1269.396
500.9832, 1264.17
501.14, 1233.887
501.2969, 1265.944
501.4538, 1270.001
501.6106, 1280.565
501.7675, 1290.648
501.9243, 1324.632
502.0811, 1327.642
502.238, 1339.382
502.3948, 1351.206
502.5516, 1334.062
502.7085, 1343.353
502.8653, 1380.633
503.0221, 1357.133
503.1789, 1408.399
503.3357, 1400.14
503.4925, 1392.014
503.6493, 1398.405
503.8061, 1406.589
503.9629, 1404.609
504.1197, 1405.327
504.2765, 1400.888
504.4332, 1418.458
504.59, 1427.126
504.7468, 1442.25
504.9035, 1441.179
505.0603, 1480.635
505.2171, 1504.427
505.3738, 1490.766
505.5306, 1503.018
505.6873, 1519.521
505.8441, 1536.907
506.0008, 1557.309
506.1575, 1553.318
506.3142, 1545.083
506.471, 1558.864
506.6277, 1550.366
506.7844, 1591.881
506.9411, 1590.469
507.0978, 1599.34
507.2545, 1619.532
507.4113, 1609.877
507.5679, 1625.502
507.7246, 1641.393
507.8813, 1635.752
508.038, 1649.949
508.1947, 1634.458
508.3513, 1637.56
508.508, 1650.132
508.6647, 1686.042
508.8214, 1695.098
508.978, 1704.231
509.1347, 1743.813
509.2913, 1720.81
509.448, 1712.732
509.6046, 1726.644
509.7613, 1758.792
509.9179, 1764.849
510.0745, 1747.928
510.2312, 1774.067
510.3878, 1782.958
510.5444, 1776.879
510.701, 1781.971
510.8576, 1821.108
511.0142, 1828.906
511.1708, 1780.397
511.3274, 1853.851
511.484, 1841.77
511.6406, 1850.403
511.7972, 1851.67
511.9538, 1845.448
512.1104, 1854.01
512.2669, 1846.124
512.4235, 1873.202
512.5801, 1884.66
512.7366, 1932.618
512.8932, 1930.373
513.0497, 1938.868
513.2063, 1946.609
513.3629, 1913.613
513.5193, 1907.206
513.6759, 1911.054
513.8325, 1917.811
513.989, 1925.443
514.1455, 1932.874
514.302, 2006.928
514.4586, 2014.855
514.6151, 2017.374
514.7715, 2038.755
514.928, 2046.595
515.0845, 2027.624
515.241, 2036.73
515.3975, 2020.112
515.554, 2018.301
515.7105, 2015.478
515.867, 2050.922
516.0234, 2061.568
516.1799, 2054.275
516.3364, 2064.238
516.4929, 2071.623
516.6493, 2116.222
516.8058, 2120.183
516.9622, 2144.565
517.1187, 2117.019
517.2751, 2156.011
517.4315, 2148.999
517.588, 2154.674
517.7444, 2142.804
517.9008, 2111.389
518.0573, 2128.884
518.2137, 2136.651
518.3701, 2142.136
518.5265, 2159.766
518.6829, 2162.091
518.8393, 2159.171
518.9957, 2166.114
519.1521, 2190.136
519.3085, 2219.432
519.4648, 2217.626
519.6212, 2235.202
519.7776, 2217.835
519.934, 2240.502
520.0903, 2246.769
520.2467, 2253.598
520.4031, 2246.723
520.5594, 2237.598
520.7158, 2246.493
520.8721, 2258.88
521.0284, 2292.36
521.1848, 2279.288
521.3411, 2291.644
521.4974, 2287.975
521.6538, 2294.785
521.8101, 2287.219
521.9664, 2330.347
522.1227, 2318.154
522.2791, 2338.268
522.4354, 2338.297
522.5916, 2351.438
522.7479, 2373.455
522.9042, 2371.577
523.0605, 2379.973
523.2168, 2381.877
523.3731, 2364.765
523.5294, 2352.498
523.6856, 2374.565
523.8419, 2400.613
523.9982, 2412.352
524.1544, 2416.239
524.3107, 2421.898
524.4669, 2411.263
524.6232, 2411.449
524.7794, 2424.15
524.9357, 2390.84
525.0919, 2416.623
525.2481, 2410.751
525.4043, 2416.27
525.5605, 2421.758
525.7167, 2412.581
525.873, 2428.54
526.0292, 2443.567
526.1854, 2470.543
526.3416, 2503.972
526.4978, 2520.015
526.654, 2524.043
526.8102, 2500.238
526.9664, 2536.243
527.1225, 2500.849
527.2787, 2544.737
527.4349, 2497.027
527.591, 2501.031
527.7472, 2506.995
527.9033, 2527.823
528.0595, 2518.606
528.2156, 2551.239
528.3718, 2554.787
528.528, 2535.772
528.6841, 2535.545
528.8402, 2533.781
528.9963, 2537.207
529.1525, 2521.2
529.3086, 2546.887
529.4647, 2547.028
529.6208, 2542.869
529.7769, 2543.65
529.933, 2554.388
530.0891, 2565.65
530.2452, 2569.159
530.4013, 2576.532
530.5574, 2579.862
530.7134, 2557.569
530.8695, 2580.453
531.0256, 2590.361
531.1817, 2590.716
531.3378, 2596.83
531.4938, 2597.758
531.6498, 2623.478
531.8059, 2660.459
531.962, 2638.417
532.118, 2653.66
532.274, 2656.588
532.4301, 2655.013
532.5861, 2702.656
532.7421, 2665.56
532.8981, 2641.206
533.0542, 2644.609
533.2102, 2647.833
533.3662, 2661.576
533.5222, 2674.518
533.6782, 2648.01
533.8342, 2687.358
533.9902, 2665.755
534.1462, 2651.342
534.3022, 2630.829
534.4581, 2653.869
534.6141, 2655.632
534.7701, 2657.467
534.926, 2659.135
535.082, 2647.573
535.238, 2641.836
535.3939, 2665.718
535.5499, 2668.931
535.7058, 2656.969
535.8618, 2658.957
536.0177, 2648.393
536.1736, 2649.213
536.3296, 2651.073
536.4855, 2652.48
536.6414, 2652.992
536.7973, 2658.112
536.9532, 2703.848
537.1091, 2681.974
537.2651, 2729.94
537.421, 2749.908
537.5768, 2757.766
537.7327, 2713.138
537.8886, 2767.374
538.0445, 2751.431
538.2004, 2753.338
538.3563, 2730.829
538.5121, 2696.01
538.668, 2734.316
538.8239, 2746.776
538.9797, 2768.907
539.1356, 2770.096
539.2914, 2774.254
539.4473, 2702.85
539.6031, 2672.491
539.7589, 2672.492
539.9147, 2704.827
540.0706, 2663.022
540.2264, 2663.543
540.3822, 2690.827
540.538, 2687.02
540.6938, 2698.133
540.8496, 2698.798
541.0054, 2710.7
541.1613, 2711.052
541.317, 2712.978
541.4728, 2738.178
541.6286, 2709.332
541.7844, 2727.593
541.9401, 2728.339
542.0959, 2703.087
542.2517, 2697.692
542.4075, 2701.993
542.5632, 2702.04
542.7189, 2702.231
542.8747, 2710.964
543.0305, 2712.062
543.1862, 2727.289
543.3419, 2727.172
543.4977, 2728.118
543.6534, 2715.769
543.8091, 2733.004
543.9648, 2732.736
544.1205, 2749.716
544.2762, 2744.642
544.4319, 2749.837
544.5876, 2774.797
544.7433, 2718.423
544.899, 2725.67
545.0547, 2731.252
545.2104, 2718.488
545.3661, 2700.48
545.5218, 2694.54
545.6774, 2685.868
545.8331, 2682.726
545.9888, 2682.278
546.1444, 2695.417
546.3001, 2695.514
546.4557, 2694.614
546.6114, 2710.46
546.767, 2710.587
546.9227, 2697.332
547.0783, 2670.147
547.2339, 2696.728
547.3895, 2669.34
547.5452, 2690.147
547.7008, 2691.637
547.8564, 2710.514
548.012, 2690.404
548.1676, 2708.823
548.3232, 2707.394
548.4788, 2702.776
548.6344, 2728.599
548.79, 2731.496
548.9456, 2730.65
549.1011, 2744.74
549.2567, 2746.611
549.4122, 2779.416
549.5678, 2709.669
549.7234, 2732.578
549.8789, 2732.27
550.0345, 2731.812
550.19, 2722.394
550.3456, 2735.999
550.5011, 2717.133
550.6566, 2743.28
550.8122, 2742.115
550.9677, 2683.76
551.1232, 2656.768
551.2787, 2654.987
551.4343, 2646.833
551.5897, 2671.126
551.7452, 2663.653
551.9008, 2736.797
552.0562, 2687.993
552.2117, 2690.568
552.3672, 2713.484
552.5227, 2720.156
552.6782, 2657.015
552.8336, 2685.28
552.9891, 2682.341
553.1446, 2665.473
553.3, 2678.265
553.4555, 2682.214
553.611, 2654.179
553.7664, 2661.76
553.9218, 2669.393
554.0773, 2648.445
554.2327, 2677.337
554.3881, 2687.267
554.5435, 2665.044
554.5626, 2610.223
554.7196, 2630.586
554.8766, 2625.865
555.0336, 2633.396
555.1906, 2632.709
555.3476, 2661.399
555.5046, 2692.187
555.6616, 2695.691
555.8185, 2687.072
555.9755, 2676.541
556.1325, 2672.725
556.2895, 2661.793
556.4465, 2660.652
556.6034, 2664.602
556.7604, 2702.418
556.9173, 2701.541
557.0743, 2693.174
557.2312, 2690.981
557.3882, 2570.44
557.5451, 2568.135
557.702, 2593.678
557.8589, 2591.782
558.0159, 2590.942
558.1728, 2629.642
558.3297, 2628.519
558.4866, 2573.033
558.6436, 2572.335
558.8005, 2600.9
558.9573, 2626.947
559.1143, 2627.131
559.2711, 2652.021
559.428, 2645.053
559.5849, 2625.546
559.7418, 2632.013
559.8987, 2652.072
560.0555, 2598.92
560.2124, 2653.127
560.3693, 2669.479
560.5261, 2664.574
560.683, 2657.648
560.8398, 2655.199
560.9967, 2648.864
561.1536, 2597.873
561.3104, 2605.727
561.4672, 2583.748
561.6241, 2575.122
561.7809, 2577.896
561.9377, 2583.451
562.0945, 2564.075
562.2513, 2589.23
562.4081, 2610.131
562.565, 2605.182
562.7218, 2608.595
562.8786, 2620.977
563.0354, 2614.61
563.1922, 2609.264
563.3489, 2591.829
563.5057, 2590.49
563.6625, 2581.832
563.8193, 2570.001
563.9761, 2592.114
564.1329, 2567.38
564.2896, 2542.995
564.4464, 2538.816
564.6031, 2560.314
564.7599, 2553.938
564.9166, 2552.873
565.0734, 2551.912
565.2301, 2552.826
565.3868, 2541.539
565.5436, 2540.698
565.7003, 2550.383
565.8571, 2589.309
566.0137, 2633.037
566.1705, 2631.451
566.3271, 2631.144
566.4839, 2629.269
566.6406, 2612.421
566.7973, 2627.436
566.954, 2615.1
567.1107, 2613.464
567.2673, 2621.316
567.4241, 2592.441
567.5807, 2581.334
567.7374, 2556.229
567.894, 2554.812
568.0507, 2523.165
568.2074, 2521.956
568.3641, 2523.034
568.5207, 2522.302
568.6774, 2521.31
568.834, 2523.577
568.9907, 2527.052
569.1473, 2547.015
569.304, 2546.393
569.4606, 2565.909
569.6172, 2565.219
569.7738, 2559.409
569.9304, 2551.939
570.087, 2550.702
570.2437, 2523.496
570.4003, 2539.746
570.5568, 2481.247
570.7134, 2480.296
570.8701, 2475.132
571.0266, 2492.678
571.1832, 2486.942
571.3398, 2496.212
571.4964, 2498.279
571.653, 2497.314
571.8095, 2498.438
571.9661, 2520.324
572.1226, 2572.921
572.2792, 2589.913
572.4357, 2589.646
572.5923, 2589.377
572.7488, 2603.902
572.9054, 2560.837
573.062, 2570.906
573.2184, 2556.11
573.375, 2533.394
573.5315, 2497.037
573.688, 2517.254
573.8445, 2506.103
574.001, 2462.198
574.1575, 2461.309
574.3141, 2507.326
574.4706, 2479.956
574.6271, 2522.373
574.7836, 2501.28
574.9401, 2504.313
575.0965, 2503.452
575.253, 2490.026
575.4095, 2482.402
575.5659, 2467.867
575.7224, 2467.027
575.8788, 2467.012
576.0353, 2468.25
576.1918, 2529.446
576.3482, 2503.751
576.5047, 2506.004
576.6611, 2539.682
576.8176, 2502.844
576.974, 2496.528
577.1304, 2509.759
577.2869, 2508.244
577.4433, 2495.205
577.5997, 2499.971
577.7561, 2494.161
577.9125, 2464.991
578.0689, 2488.09
578.2253, 2534.451
578.3817, 2550.23
578.5381, 2561.137
578.6945, 2562.681
578.8509, 2582.945
579.0073, 2582.107
579.1636, 2551.776
579.32, 2558.998
579.4764, 2554.083
579.6328, 2520.063
579.7891, 2533.758
579.9454, 2559.249
580.1018, 2559.931
580.2581, 2565.171
580.4145, 2565.407
580.5708, 2570.743
580.7272, 2570.942
580.8835, 2541.948
581.0398, 2519.402
581.1961, 2529.548
581.3525, 2514.164
581.5088, 2520.214
581.6651, 2499.898
581.8214, 2500.023
581.9777, 2515.912
582.134, 2540.746
582.2903, 2485.43
582.4465, 2539.672
582.6028, 2524.213
582.7591, 2551.882
582.9154, 2521.257
583.0717, 2557.741
583.2279, 2506.498
583.3842, 2487.405
583.5405, 2477.948
583.6967, 2478.821
583.853, 2479.172
584.0092, 2521.142
584.1655, 2539.892
584.3217, 2539.962
584.4779, 2540.39
584.6342, 2524.961
584.7904, 2516.633
584.9466, 2472.17
585.1028, 2471.905
585.259, 2484.403
585.4152, 2485.105
585.5715, 2485.284
585.7277, 2497.937
585.8839, 2500.415
586.04, 2534.057
586.1962, 2536.833
586.3524, 2508.62
586.5086, 2552.466
586.6647, 2554.573
586.8209, 2516.642
586.9771, 2510.75
587.1332, 2561.81
587.2894, 2500.216
587.4456, 2535.327
587.6017, 2499.809
587.7579, 2518.546
587.914, 2511.295
588.0701, 2521.094
588.2263, 2529.648
588.3824, 2529.567
588.5386, 2515.594
588.6946, 2515.925
588.8508, 2551.337
589.0069, 2519.888
589.163, 2520.334
589.3191, 2534.13
589.4752, 2527.05
589.6313, 2530.63
589.7874, 2537.171
589.9435, 2537.596
590.0995, 2540.998
590.2557, 2534.385
590.4117, 2552.24
590.5678, 2507.9
590.7239, 2506.823
590.8799, 2500.935
591.0359, 2538.201
591.192, 2522.16
591.3481, 2520.564
591.5042, 2496.528
591.6602, 2558.364
591.8162, 2497.473
591.9722, 2561.26
592.1283, 2546.129
592.2843, 2573.249
592.4403, 2542.789
592.5963, 2539.332
592.7523, 2535.261
592.9083, 2537.494
593.0643, 2535.749
593.2203, 2489.334
593.3763, 2533.72
593.5323, 2520.448
593.6883, 2516.58
593.8443, 2516.708
594.0003, 2516.74
594.1563, 2490.496
594.3122, 2499.907
594.4682, 2560.563
594.6241, 2523.002
594.7801, 2564.413
594.936, 2575.34
595.092, 2579.366
595.2479, 2559.441
595.4039, 2544.532
595.5598, 2544.856
595.7158, 2562.164
595.8717, 2562.13
596.0276, 2545.514
596.1835, 2525.863
596.3394, 2521.579
596.4954, 2489.048
596.6512, 2521.999
596.8071, 2486.161
596.9631, 2503.457
597.119, 2520.925
597.2748, 2521.354
597.4307, 2491.867
597.5866, 2498.492
597.7425, 2530.828
597.8984, 2544.393
598.0542, 2544.757
598.2101, 2551.403
598.366, 2573.424
598.5218, 2574.503
598.6777, 2563.348
598.8335, 2581.94
598.9893, 2551.77
599.1452, 2535.433
599.301, 2526.462
599.4568, 2507.996
599.6127, 2532.478
599.7685, 2494.928
599.9243, 2512.17
600.0801, 2510.995
600.2359, 2514.035
600.3917, 2544.455
600.5475, 2546.708
600.7033, 2535.53
600.8591, 2562.408
601.0149, 2558.686
601.1707, 2560.751
601.3265, 2562.638
601.4822, 2541.131
601.638, 2547.889
601.7938, 2524.833
601.9495, 2523.894
602.1053, 2545.763
602.261, 2567.723
602.4168, 2586.174
602.5725, 2586.133
602.7283, 2572.9
602.884, 2568.494
603.0397, 2547.121
603.1954, 2544.91
603.3512, 2544.568
603.5069, 2545.034
603.6626, 2544.58
603.8183, 2510.261
603.974, 2489.269
604.1297, 2509.895
604.2854, 2516.898
604.4411, 2507.557
604.5968, 2518.981
604.7525, 2515.317
604.9081, 2531.844
605.0638, 2531.532
605.2195, 2531.855
605.3752, 2526.987
605.5308, 2574.01
605.6865, 2576.947
605.8422, 2591.217
605.9978, 2603.839
606.1534, 2608.558
606.3091, 2602.97
606.4647, 2594.997
606.6204, 2594.983
606.776, 2599.006
606.9316, 2581.446
607.0872, 2564.407
607.2429, 2546.723
607.3984, 2531.439
607.5541, 2530.578
607.7097, 2536.766
607.8652, 2528.343
608.0209, 2534.184
608.1765, 2524.542
608.332, 2534.231
608.4876, 2547.219
608.6432, 2550.035
608.7988, 2509.313
608.9543, 2512.909
609.1099, 2500.052
609.2654, 2510.458
609.421, 2489.556
609.5765, 2509.16
609.7321, 2512.932
609.8876, 2504.179
610.0432, 2513.093
610.1987, 2512.655
610.3542, 2507.06
610.5098, 2524.302
610.6653, 2533.753
610.8208, 2529.125
610.9763, 2503.856
611.1318, 2527.395
611.2873, 2490.802
611.4428, 2489.993
611.5983, 2533.561
611.7538, 2493.876
611.9093, 2493.094
612.0648, 2531.079
612.2202, 2529.68
612.3757, 2509.759
612.5312, 2509.125
612.6866, 2507.576
612.8421, 2503.044
612.9976, 2478.286
613.153, 2486.741
613.3085, 2485.74
613.4639, 2475.743
613.6193, 2478.842
613.7748, 2469.809
613.9302, 2468.529
614.0856, 2467.118
614.241, 2459.673
614.3964, 2472.185
614.5519, 2482.665
614.7073, 2480.617
614.8627, 2471.237
615.0181, 2469.453
615.1735, 2458.45
615.3289, 2446.843
615.4843, 2443.05
615.6396, 2438.359
615.795, 2435.031
615.9504, 2433.219
616.1057, 2461.158
616.2611, 2473.123
616.4164, 2463.152
616.5718, 2446.265
616.7272, 2442.569
616.8825, 2439.481
617.0378, 2411.496
617.1932, 2438.993
617.3485, 2469.349
617.5038, 2506.112
617.6592, 2414.07
617.8145, 2419.116
617.9698, 2412.552
618.1251, 2410.654
618.2804, 2414.477
618.4357, 2419.762
618.591, 2419.165
618.7463, 2428.494
618.9016, 2477.568
619.0569, 2423.871
619.2122, 2410.28
619.3674, 2408.261
619.5227, 2392.965
619.678, 2375.905
619.8333, 2417.656
619.9885, 2415.271
620.1437, 2412
620.299, 2410.627
620.4542, 2408.026
620.6095, 2407.429
620.7647, 2384.691
620.92, 2402.344
621.0752, 2384.806
621.2304, 2382.656
621.3856, 2381.622
621.5408, 2358.987
621.696, 2359.027
621.8513, 2349.087
622.0065, 2380.862
622.1617, 2380.528
622.3168, 2417.103
622.472, 2418.528
622.6272, 2441.911
622.7824, 2428.12
622.9376, 2354.835
623.0928, 2325.141
623.2479, 2336.369
623.4031, 2320.019
623.5582, 2312.88
623.7134, 2366.732
623.8685, 2379.869
624.0237, 2334.398
624.1788, 2330.66
624.3339, 2322.839
624.4891, 2286.168
624.6442, 2281.59
624.7993, 2321.538
624.9545, 2331.141
625.1096, 2359.568
625.2646, 2368.802
625.4197, 2368.891
625.5749, 2275.386
625.73, 2273.665
625.8851, 2302.04
626.0402, 2286.296
626.1953, 2283.06
626.3503, 2295.447
626.5054, 2303.833
626.6605, 2300.77
626.8155, 2297.742
626.9706, 2294.824
627.1256, 2319.386
627.2807, 2302.995
627.4357, 2300.854
627.5908, 2298.174
627.7458, 2311.378
627.9008, 2282.65
628.0558, 2295.834
628.2109, 2293.013
628.3659, 2250.394
628.5209, 2239.607
628.6759, 2266.031
628.8309, 2239.467
628.986, 2302.033
629.1409, 2343.171
629.296, 2326.502
629.4509, 2288.861
629.6059, 2283.946
629.7609, 2280.504
629.9158, 2234.572
630.0709, 2231.64
630.2258, 2223.189
630.3807, 2212.935
630.405, 2200.409
630.5615, 2196.085
630.7181, 2198.751
630.8746, 2194.897
631.0312, 2205.357
631.1877, 2235.782
631.3443, 2243.03
631.5009, 2223.557
631.6574, 2179.915
631.8139, 2167.447
631.9705, 2164.688
632.127, 2138.437
632.2835, 2147.109
632.44, 2190.285
632.5965, 2207.051
632.7531, 2192.488
632.9095, 2191.688
633.066, 2200.657
633.2225, 2182.187
633.379, 2178.75
633.5355, 2175.165
633.692, 2179.838
633.8485, 2180.711
634.0049, 2168.707
634.1614, 2110.269
634.3179, 2105.869
634.4744, 2100.082
634.6309, 2096.161
634.7873, 2099.443
634.9437, 2127.655
635.1002, 2133.63
635.2567, 2161.297
635.4131, 2116.162
635.5695, 2137.326
635.726, 2133.706
635.8824, 2179.85
636.0388, 2145.552
636.1952, 2162.877
636.3516, 2104.336
636.5081, 2096.778
636.6644, 2068.578
636.8209, 2077.287
636.9772, 2063.458
637.1337, 2089.576
637.29, 2061.237
637.4464, 2023.46
637.6028, 2026.184
637.7592, 2024.191
637.9156, 2042.944
638.072, 2035.601
638.2283, 2033.63
638.3846, 2015.101
638.541, 2033.228
638.6974, 2029.373
638.8537, 2034.673
639.0101, 2039.492
639.1664, 2008.198
639.3228, 2014.022
639.4791, 1996.749
639.6354, 1996.395
639.7917, 1991.181
639.9481, 2041.687
640.1044, 2051.79
640.2607, 2047.934
640.417, 2044.095
640.5733, 2026.374
640.7296, 2022.625
640.8859, 2036.071
641.0422, 2031.936
641.1985, 2011.703
641.3547, 1976.007
641.511, 1933.059
641.6673, 1943.735
641.8236, 2000.916
641.9799, 1982.505
642.1361, 1955.5
642.2924, 1951.596
642.4486, 1956.066
642.6049, 1951.859
642.7611, 1951.365
642.9174, 1949.432
643.0736, 1942.425
643.2299, 1982.648
643.386, 1978.792
643.5423, 1945.459
643.6985, 1941.518
643.8547, 1897.895
644.0109, 1935.341
644.1672, 1876.688
644.3234, 1883.52
644.4796, 1909.584
644.6357, 1884.734
644.7919, 1900.732
644.9481, 1896.874
645.1043, 1893.66
645.2605, 1862.749
645.4167, 1886.13
645.5729, 1869.888
645.729, 1867.629
645.8852, 1886.994
646.0413, 1857.975
646.1975, 1878.474
646.3536, 1879.047
646.5098, 1821.627
646.666, 1823.096
646.8221, 1835.229
646.9782, 1852.141
647.1343, 1858.848
647.2905, 1868.199
647.4466, 1864.299
647.6027, 1853.722
647.7589, 1834.346
647.9149, 1801.486
648.071, 1774.025
648.2271, 1759.344
648.3832, 1753.644
648.5393, 1751.652
648.6954, 1757.944
648.8515, 1756.713
649.0076, 1751.968
649.1636, 1737.532
649.3197, 1733.21
649.4758, 1741.638
649.6318, 1747.769
649.7879, 1756.939
649.944, 1769.983
650.1, 1764.196
650.256, 1742.312
650.4121, 1706.789
650.5682, 1707.008
650.7242, 1700.893
650.8802, 1718.237
651.0363, 1720.692
651.1923, 1712.368
651.3483, 1677.288
651.5043, 1672.76
651.6603, 1695.591
651.8163, 1682.079
651.9723, 1686.333
652.1283, 1657.688
652.2843, 1697.374
652.4403, 1672.684
652.5963, 1661.18
652.7523, 1668.032
652.9082, 1663.278
653.0642, 1681.108
653.2202, 1677.778
653.3761, 1679.41
653.5321, 1676.548
653.688, 1671.967
653.844, 1655.098
653.9999, 1643.114
654.1559, 1646.046
654.3118, 1594.736
654.4677, 1619.188
654.6237, 1614.644
654.7796, 1613.219
654.9355, 1589.627
655.0914, 1585.685
655.2473, 1577.498
655.4033, 1572.368
655.5591, 1567.695
655.715, 1582.312
655.871, 1577.712
656.0269, 1584.231
656.1827, 1568.879
656.3386, 1584.357
656.4945, 1562.615
656.6503, 1575.776
656.8062, 1548.651
656.9621, 1558.476
657.118, 1560.405
657.2738, 1561.35
657.4297, 1558.791
657.5855, 1559.606
657.7413, 1560.065
657.8972, 1545.047
658.053, 1524.432
658.2089, 1530.525
658.3647, 1548.157
658.5205, 1545.602
658.6763, 1497.882
658.8322, 1490.166
658.988, 1511.462
659.1437, 1505.94
659.2996, 1503.052
659.4554, 1497.615
659.6111, 1479.621
659.767, 1473.593
659.9227, 1469.234
660.0785, 1466.511
660.2343, 1462.361
660.3901, 1443.023
660.5458, 1454.281
660.7016, 1449.943
660.8574, 1479.846
661.0131, 1432.201
661.1688, 1479.313
661.3246, 1430.095
661.4803, 1433.614
661.6361, 1432.772
661.7918, 1428.401
661.9476, 1434.561
662.1033, 1434.797
662.259, 1412.421
662.4147, 1407.692
662.5704, 1420.332
662.7261, 1415.965
662.8818, 1412.027
663.0375, 1406.464
663.1932, 1405.143
663.3489, 1401.93
663.5046, 1410.881
663.6603, 1408.029
663.816, 1370.529
663.9716, 1368.683
664.1273, 1346.354
664.283, 1349.006
664.4387, 1369.997
664.5943, 1380.792
664.7499, 1374.447
664.9056, 1347.675
665.0612, 1334.827
665.2169, 1330.457
665.3725, 1313.52
665.5281, 1308.94
665.6838, 1310.917
665.8394, 1324.437
665.995, 1303.492
666.1506, 1321.69
666.3062, 1324.316
666.4619, 1324.998
666.6174, 1320.908
666.773, 1312.391
666.9286, 1329.971
667.0842, 1308.491
667.2398, 1314.839
667.3954, 1311.272
667.551, 1319.246
667.7065, 1288.09
667.8621, 1289.556
668.0176, 1285.647
668.1732, 1287.123
668.3288, 1241.648
668.4843, 1235.169
668.6399, 1259.172
668.7954, 1249.885
668.9509, 1243.493
669.1064, 1211.688
669.262, 1222.93
669.4175, 1219.453
669.5731, 1262.927
669.7286, 1258.16
669.8841, 1271.049
670.0396, 1250.294
670.1951, 1241.142
670.3506, 1236.786
670.506, 1234.225
670.6616, 1211.171
670.817, 1203.009
670.9725, 1196.431
671.128, 1196.624
671.2834, 1193.202
671.439, 1163.254
671.5944, 1168.517
671.7499, 1164.436
671.9053, 1153.072
672.0608, 1149.023
672.2162, 1147.17
672.3716, 1143.389
672.5271, 1178.787
672.6826, 1187.572
672.838, 1171.122
672.9934, 1189.323
673.1488, 1151.944
673.3042, 1178.123
673.4597, 1140.764
673.6151, 1136.903
673.7704, 1110.444
673.9258, 1099.526
674.0812, 1096.481
674.2366, 1104.79
674.392, 1117.42
674.5474, 1112.05
674.7028, 1117.465
674.8582, 1098.598
675.0135, 1103.861
675.1689, 1104.09
675.3242, 1090.244
675.4796, 1059.419
675.6349, 1065.244
675.7903, 1066.741
675.9456, 1061.674
676.101, 1069.233
676.2563, 1067.143
676.4116, 1067.709
676.567, 1050.392
676.7223, 1027.899
676.8776, 1024.344
677.0329, 1020.406
677.1882, 1017.721
677.3435, 1015.849
677.4988, 1054.513
677.6541, 1081.622
677.8094, 1061.733
677.9647, 1059.004
678.1199, 1039.493
678.2752, 1009.405
678.4305, 1007.639
678.5858, 1004.083
678.741, 1009.288
678.8963, 1018.31
679.0515, 1005.44
679.2068, 982.028
679.3621, 996.5588
679.5173, 996.1468
679.6725, 994.869
679.8278, 1026.027
679.983, 1015.309
680.1382, 1022.579
680.2934, 1018.616
680.4486, 969.1241
680.6038, 966.423
680.759, 991.2325
680.9142, 986.2553
681.0695, 1017.295
681.2247, 1035.708
681.3798, 1011.26
681.535, 976.0852
681.6902, 969.0753
681.8454, 946.8527
682.0005, 943.422
682.1557, 933.4864
682.3109, 939.0165
682.4661, 927.7666
682.6212, 947.8085
682.7764, 963.8445
682.9315, 961.7803
683.0866, 955.186
683.2418, 980.1307
683.3969, 987.8337
683.552, 971.3214
683.7072, 975.6812
683.8622, 962.7457
684.0174, 933.8799
684.1725, 913.8911
684.3276, 928.3903
684.4827, 916.0181
684.6378, 923.1097
684.7929, 922.6906
684.948, 909.931
685.1031, 900.7062
685.2581, 878.3301
685.4132, 875.5484
685.5683, 911.8845
685.7233, 903.452
685.8784, 900.8149
686.0334, 897.3964
686.1885, 889.567
686.3436, 876.6878
686.4986, 880.7051
686.6537, 881.923
686.8087, 888.7725
686.9637, 886.636
687.1188, 889.3116
687.2737, 877.5401
687.4288, 875.2873
687.5838, 875.1013
687.7388, 864.9416
687.8938, 850.4715
688.0488, 850.3849
688.2038, 867.6834
688.3588, 850.2919
688.5138, 855.0678
688.6688, 864.8439
688.8237, 863.1934
688.9787, 854.8991
689.1337, 853.871
689.2886, 860.7928
689.4436, 841.093
689.5986, 865.6437
689.7535, 885.708
689.9084, 862.5389
690.0634, 865.6635
690.2183, 863.6158
690.3733, 838.7415
690.5282, 844.5065
690.6832, 844.0638
690.8381, 855.327
690.993, 860.9274
691.1479, 860.5102
691.3028, 867.9708
691.4577, 866.3898
691.6126, 861.07
691.7675, 843.9336
691.9224, 857.7186
692.0773, 869.5978
692.2321, 824.7328
692.387, 824.9991
692.5419, 823.5632
692.6968, 825.3292
692.8516, 823.8393
693.0065, 825.1787
693.1613, 821.7786
693.3162, 809.0182
693.471, 827.951
693.6259, 828.451
693.7807, 828.6439
693.9355, 844.2745
694.0903, 849.0027
694.2452, 849.7404
694.4, 860.991
694.5548, 839.3353
694.7096, 852.277
694.8644, 847.0291
695.0192, 841.7579
695.174, 861.9554
695.3288, 863.8235
695.4836, 847.0808
695.6384, 837.3285
695.7932, 824.6741
695.9479, 824.441
696.1027, 814.9943
696.2574, 828.1041
696.4122, 837.8658
696.567, 844.3893
696.7217, 860.4016
696.8765, 869.3645
697.0312, 879.6497
697.186, 878.1398
697.3407, 869.088
697.4954, 862.7671
697.6501, 870.1877
697.8049, 859.4699
697.9596, 834.0533
698.1143, 868.3951
698.269, 871.1741
698.4237, 870.2444
698.5784, 874.969
698.7331, 880.5065
698.8878, 882.3281
699.0425, 900.1143
699.1971, 898.8271
699.3518, 894.3408
699.5065, 897.2195
699.6611, 900.2409
699.8158, 878.9205
699.9705, 892.1793
700.1251, 905.9209
700.2798, 917.6262
700.4344, 912.4493
700.5891, 935.3979
700.7437, 915.3924
700.8983, 898.9324
701.0529, 922.4382
701.2076, 948.5295
701.3622, 930.3521
701.5168, 935.5099
701.6714, 937.6523
701.826, 945.424
701.9806, 949.9362
702.1352, 935.8005
702.2898, 940.4719
702.4443, 983.1114
702.5989, 986.4148
702.7535, 960.7305
702.9081, 965.7053
703.0627, 983.9932
703.2172, 1009.24
703.3718, 1011.085
703.5263, 1044.135
703.6808, 1028.834
703.8354, 1052.122
703.9899, 1040.277
704.1445, 1067.287
704.299, 1045.7
704.4536, 1078.632
704.6081, 1056.648
704.7626, 1090.789
704.9171, 1050.566
705.0716, 1046.47
705.2261, 1022.893
705.3806, 1004.469
705.5351, 1037.742
705.6896, 1079.007
705.8441, 1113.512
705.9985, 1140.366
706.0279, 1153.327
706.184, 1147.034
706.3401, 1151.407
706.4962, 1105.223
706.6523, 1099.296
706.8083, 1092.08
706.9644, 1089.941
707.1205, 1112.701
707.2766, 1159.069
707.4327, 1165.629
707.5887, 1148.908
707.7448, 1186.078
707.9009, 1207.813
708.0569, 1204.264
708.213, 1212.75
708.369, 1202.987
708.525, 1213.747
708.6811, 1255.253
708.8371, 1270.956
708.9932, 1274.689
709.1492, 1289.398
709.3052, 1249.236
709.4612, 1268.322
709.6172, 1263.467
709.7733, 1290.295
709.9293, 1325.209
710.0852, 1343.42
710.2412, 1353.155
710.3972, 1362.753
710.5532, 1355.953
710.7092, 1368.249
710.8652, 1334.693
711.0211, 1397.902
711.1771, 1398.702
711.3331, 1409.594
711.4891, 1430.542
711.645, 1411.861
711.801, 1418.821
711.9569, 1430.983
712.1129, 1474.157
712.2688, 1473.704
712.4247, 1498.919
712.5807, 1504.286
712.7366, 1535.284
712.8925, 1527.404
713.0485, 1546.699
713.2043, 1570.516
713.3603, 1575.731
713.5162, 1599.416
713.6721, 1612.952
713.828, 1606.517
713.9839, 1616.398
714.1398, 1598.143
714.2957, 1598.663
714.4515, 1622.203
714.6074, 1635.828
714.7633, 1623.001
714.9192, 1687.457
715.075, 1721.447
715.2309, 1735.348
715.3868, 1763.794
715.5426, 1776.804
715.6984, 1792.047
715.8543, 1781.895
716.0101, 1803.624
716.166, 1833.71
716.3218, 1914.76
716.4777, 1898.246
716.6335, 1862.717
716.7893, 1929.811
716.9451, 1974.054
717.1009, 1992.233
717.2567, 2008.827
717.4125, 1977.677
717.5683, 1964.654
717.7241, 1988.062
717.8799, 2006.092
718.0357, 2043.925
718.1915, 2067.103
718.3472, 2048.363
718.503, 2026.781
718.6588, 2097.484
718.8146, 2114.929
718.9703, 2106.543
719.1261, 2100.483
719.2818, 2179.027
719.4376, 2199.134
719.5933, 2285.697
719.7491, 2291.035
719.9048, 2387.628
720.0605, 2342.574
720.2162, 2433.735
720.3719, 2433.138
720.5277, 2443.055
720.6834, 2401.808
720.8391, 2430.044
720.9948, 2464.694
721.1505, 2473.273
721.3062, 2494.572
721.4619, 2521.115
721.6176, 2551.348
721.7733, 2532.958
721.929, 2521.844
722.0847, 2518.708
722.2403, 2644.214
722.396, 2668.498
722.5516, 2723.86
722.7073, 2730.297
722.863, 2695.043
723.0186, 2787.749
723.1743, 2816.954
723.3299, 2850.177
723.4855, 2840.725
723.6412, 2869.373
723.7968, 2821.194
723.9524, 2947.062
724.108, 2979.56
724.2637, 3008.874
724.4193, 2990.927
724.5749, 3095.04
724.7305, 3089.455
724.8861, 3110.736
725.0417, 3095.768
725.1973, 3121.999
725.3528, 3153.463
725.5084, 3156.689
725.664, 3240.771
725.8196, 3283.867
725.9752, 3323.131
726.1307, 3309.349
726.2863, 3321.19
726.4418, 3479.23
726.5974, 3540.962
726.7529, 3543.958
726.9085, 3599.396
727.064, 3503.794
727.2195, 3569.481
727.3751, 3670.737
727.5306, 3765.032
727.6862, 3784.614
727.8417, 3826.719
727.9972, 3765.238
728.1527, 3809.046
728.3082, 3890.79
728.4637, 3924.714
728.6192, 3986.506
728.7747, 4028.144
728.9302, 4055.9
729.0856, 4037.354
729.2411, 4061.993
729.3966, 4086.604
729.5521, 4121.604
729.7075, 4173.649
729.863, 4221.059
730.0184, 4263.415
730.1739, 4323.78
730.3293, 4438.348
730.4848, 4571.514
730.6403, 4617.568
730.7957, 4650.715
730.9511, 4693.451
731.1066, 4726.796
731.262, 4741.257
731.4174, 4745.876
731.5728, 4823.14
731.7282, 4814.375
731.8836, 4935.36
732.039, 4966.423
732.1944, 4925.354
732.3498, 5040.713
732.5052, 4997.992
732.6606, 5081.81
732.816, 5204.95
732.9714, 5338.558
733.1267, 5363.288
733.2821, 5373.277
733.4374, 5291.644
733.5928, 5618.432
733.7482, 5586.806
733.9035, 5547.764
734.0588, 5656.354
734.2142, 5669.406
734.3696, 5795.794
734.5249, 5879.007
734.6802, 5903.854
734.8355, 6036.694
734.9908, 6059.003
735.1462, 6080.285
735.3015, 6299.532
735.4568, 6340.933
735.6121, 6219.195
735.7674, 6298.199
735.9227, 6504.18
736.0779, 6534.313
736.2333, 6488.487
736.3885, 6639.222
736.5438, 6635.686
736.6991, 6700.229
736.8544, 6739.313
737.0096, 6745.264
737.1649, 6957.232
737.3201, 6961.445
737.4754, 6922.554
737.6306, 6990.143
737.7859, 7059.183
737.9411, 7164.594
738.0963, 7188.102
738.2516, 7280.999
738.4068, 7347.165
738.562, 7374.815
738.7172, 7521.914
738.8724, 7532.042
739.0276, 7638.816
739.1829, 7665.086
739.3381, 7713.735
739.4932, 7770.761
739.6484, 7958.909
739.8036, 7948.224
739.9588, 8056.174
740.114, 8120.169
740.2692, 8159.62
740.4243, 8376.495
740.5795, 8465.657
740.7346, 8520.046
740.8898, 8621.507
741.0449, 8583.889
741.2001, 8680.119
741.3552, 8744.531
741.5104, 8818.256
741.6655, 8618.079
741.8206, 8852.516
741.9758, 9002.712
742.1309, 8974.888
742.286, 8971.27
742.4411, 9035.262
742.5962, 9017.499
742.7513, 9113.647
742.9064, 9195.175
743.0615, 9295.638
743.2166, 9383.784
743.3717, 9298.723
743.5267, 9333.486
743.6818, 9453.177
743.8369, 9412.195
743.992, 9496.494
744.147, 9478.47
744.3021, 9352.782
744.4572, 9651
744.6122, 9569.19
744.7673, 9536.811
744.9223, 9529.505
745.0773, 9538.837
745.2324, 9537.292
745.3874, 9499.771
745.5424, 9564.182
745.6974, 9522.853
745.8524, 9461.241
746.0074, 9569.143
746.1625, 9565.964
746.3174, 9510.025
746.4725, 9609.194
746.6274, 9588.483
746.7825, 9538.128
746.9374, 9537.437
747.0924, 9487.178
747.2474, 9459.535
747.4023, 9471.549
747.5573, 9402.474
747.7123, 9341.483
747.8672, 9296.438
748.0222, 9231.876
748.1771, 9189.931
748.3321, 9014.792
748.487, 9305.075
748.642, 9063.256
748.7969, 8947.613
748.9518, 8942.189
749.1068, 8835.208
749.2617, 8802.349
749.4166, 8747.609
749.5715, 8605.869
749.7264, 8563.678
749.8813, 8573.32
750.0362, 8508.535
750.1911, 8566.419
750.3459, 8510.456
750.5009, 8409.512
750.6557, 8226.702
750.8106, 8249.824
750.9655, 8113.018
751.1203, 8149.011
751.2752, 8119.696
751.4301, 7911.48
751.5849, 7757.417
751.7397, 7630.547
751.8946, 7534.364
752.0494, 7474.442
752.2043, 7583.646
752.3591, 7468.66
752.5139, 7392.309
752.6688, 7262.115
752.8235, 7134.382
752.9783, 7139.184
753.1332, 7112.355
753.288, 6997.019
753.4427, 6943.444
753.5976, 6912.141
753.7524, 6816.957
753.9072, 6647.75
754.062, 6707.595
754.2167, 6420.555
754.3715, 6386.368
754.5262, 6335.792
754.681, 6117.558
754.8358, 6215.868
754.9905, 6065.772
755.1453, 6088.265
755.3, 6019.181
755.4548, 5971.321
755.6095, 5837.025
755.7642, 5635.728
755.9189, 5491.442
756.0737, 5598.892
756.2284, 5376.625
756.3831, 5414.935
756.5378, 5357.323
756.6925, 5238.265
756.8472, 5163.223
757.0019, 5148.787
757.1566, 5080.552
757.3113, 4910.84
757.4659, 4811.495
757.6207, 4758.052
757.7753, 4731.403
757.93, 4668.725
758.0847, 4664.666
758.2393, 4595.138
758.394, 4363.368
758.5486, 4375.655
758.7032, 4299.485
758.8579, 4232.159
759.0126, 4178.722
759.1672, 4181.606
759.3218, 4122.5
759.4764, 3961.947
759.631, 3957.935
759.7856, 3871.954
759.9403, 3725.682
760.0949, 3651.639
760.2495, 3598.797
760.4041, 3570.127
760.5587, 3499.206
760.7133, 3412.044
760.8679, 3431.151
761.0225, 3404.801
761.177, 3323.692
761.3316, 3308.943
761.4861, 3282.567
761.6407, 3099.501
761.7953, 2985.103
761.9498, 3017.439
762.1044, 2952.244
762.2589, 2860.902
762.4135, 2946.412
762.568, 2895.316
762.7225, 2808.127
762.8771, 2740.364
763.0316, 2689.951
763.1861, 2624.74
763.3406, 2578.865
763.4951, 2525.803
763.6496, 2512.427
763.8041, 2388.752
763.9586, 2350.82
764.1131, 2407.489
764.2676, 2373.788
764.4221, 2343.572
764.5765, 2347.434
764.731, 2246.775
764.8855, 2166.259
765.0399, 2067.365
765.1944, 2099.774
765.3489, 1990.225
765.5033, 1965.553
765.6577, 1963.394
765.8122, 2003.855
765.9666, 1973.454
766.121, 1873.078
766.2755, 1864.478
766.4299, 1736.656
766.5843, 1726.405
766.7387, 1705.102
766.8931, 1777.981
767.0475, 1651.302
767.202, 1609.235
767.3563, 1625.401
767.5107, 1598.753
767.6651, 1574.944
767.8195, 1537.393
767.9739, 1496.072
768.1282, 1520.677
768.2826, 1494.64
768.437, 1477.34
768.5913, 1464.49
768.7457, 1411.055
768.9, 1379.802
769.0544, 1370.038
769.2087, 1316.847
769.363, 1278.723
769.5174, 1275.205
769.6718, 1257.308
769.826, 1238.077
769.9803, 1238.459
770.1347, 1263.109
770.289, 1270.001
770.4433, 1259.997
770.5976, 1182.494
770.7519, 1228.22
770.9062, 1201.409
771.0605, 1140.822
771.2147, 1116.379
771.369, 1076.535
771.5233, 1082.365
771.6776, 1100.222
771.8318, 1102.101
771.9861, 1083.36
772.1403, 1055.605
772.2946, 1036.533
772.4489, 1027.229
772.6031, 993.3591
772.7573, 1004.035
772.9116, 1015.907
773.0658, 1012.378
773.22, 1001.882
773.3742, 985.2164
773.5284, 940.9086
773.6826, 920.3082
773.8369, 904.0461
773.991, 901.0873
774.1453, 888.4356
774.2994, 919.814
774.4536, 914.628
774.6078, 920.326
774.762, 895.7139
774.9161, 880.7299
775.0703, 837.2351
775.2245, 818.2585
775.3787, 857.787
775.5328, 860.22
775.687, 829.7383
775.8411, 816.6771
775.9952, 809.1849
776.1494, 797.9509
776.3035, 800.1982
776.4576, 779.2256
776.6118, 758.3203
776.7659, 751.5922
776.92, 782.9562
777.0741, 771.7288
777.2282, 766.3404
777.3823, 802.7927
777.5364, 810.4224
777.6905, 792.9108
777.8445, 790.6555
777.9987, 792.9754
778.1527, 747.7123
778.3068, 760.7181
778.4609, 753.4059
778.6149, 750.9426
778.769, 747.4752
778.923, 743.7018
779.0771, 740.1935
779.2311, 733.4868
779.3851, 723.2357
779.5392, 713.134
779.6932, 710.0493
779.8472, 707.179
780.0013, 694.7917
780.1553, 692.7757
780.3093, 709.665
780.4633, 708.5007
780.6173, 714.4547
780.7713, 679.2361
780.9253, 680.6287
781.0793, 678.1408
781.2333, 671.3477
781.3873, 662.306
781.4216, 649.1076
781.5773, 704.8269
781.7328, 682.9939
781.8885, 649.8492
782.0441, 618.338
782.1997, 621.3728
782.3553, 649.248
782.5109, 645.8674
782.6665, 680.7248
782.8221, 633.2035
782.9777, 690.0904
783.1332, 633.4235
783.2888, 687.7502
783.4444, 633.3333
783.6, 631.1965
783.7555, 668.3244
783.9111, 652.0341
784.0667, 673.4114
784.2222, 652.8278
784.3777, 652.8085
784.5333, 654.0815
784.6888, 661.9695
784.8444, 684.1464
784.9999, 662.447
785.1554, 681.2347
785.3109, 682.9454
785.4664, 676.7704
785.6219, 661.0828
785.7775, 708.6768
785.9329, 687.6099
786.0884, 686.1151
786.244, 713.7544
786.3994, 723.6622
786.5549, 727.8853
786.7104, 724.5338
786.8659, 732.6343
787.0214, 696.9405
787.1768, 692.6975
787.3323, 703.303
787.4877, 688.2339
787.6432, 691.5806
787.7986, 677.9471
787.9541, 710.4418
788.1096, 683.4142
788.265, 698.0251
788.4204, 700.5845
788.5759, 711.3663
788.7313, 715.2032
788.8867, 731.5729
789.0421, 735.7358
789.1975, 739.9356
789.353, 743.567
789.5084, 724.0577
789.6638, 727.9319
789.8192, 799.6011
789.9745, 823.5128
790.1299, 809.9351
790.2853, 812.1602
790.4407, 805.1255
790.5961, 752.9891
790.7514, 759.4467
790.9068, 762.8063
791.0621, 768.4038
791.2175, 802.2586
791.3729, 816.3844
791.5282, 806.5306
791.6836, 793.1415
791.8389, 823.6315
791.9943, 827.4548
792.1496, 866.4813
792.3049, 879.7341
792.4602, 932.2081
792.6155, 919.5308
792.7709, 903.2296
792.9261, 891.3293
793.0815, 883.1111
793.2368, 890.0837
793.3921, 881.0667
793.5474, 919.1962
793.7026, 921.9037
793.858, 928.8588
794.0132, 906.593
794.1685, 929.5716
794.3238, 881.3794
794.4791, 956.0178
794.6343, 950.3607
794.7896, 957.5217
794.9448, 894.0645
795.1, 907.5159
795.2553, 930.369
795.4105, 957.4108
795.5658, 963.9081
795.721, 973.3969
795.8762, 1010.706
796.0315, 1017.987
796.1867, 1008.2
796.3419, 1025.289
796.4971, 1024.636
796.6523, 1010.309
796.8076, 1012.798
796.9627, 1034.65
797.1179, 1020.444
797.2731, 1047.556
797.4283, 1045.93
797.5835, 1056.334
797.7386, 1070.283
797.8938, 1075.299
798.049, 1082.372
798.2042, 1101.777
798.3593, 1143.552
798.5145, 1132.813
798.6696, 1162.449
798.8248, 1164.005
798.9799, 1197.278
799.1351, 1214.07
799.2902, 1224.274
799.4453, 1221.62
799.6005, 1236.045
799.7556, 1253.785
799.9106, 1292.826
800.0658, 1278.525
800.2209, 1269.089
800.376, 1299.549
800.5311, 1300.528
800.6862, 1327.909
800.8413, 1314.633
800.9963, 1380.551
801.1514, 1298.594
801.3065, 1329.102
801.4616, 1358.144
801.6166, 1370.9
801.7717, 1424.815
801.9268, 1468.861
802.0818, 1465.294
802.2369, 1451.776
802.392, 1454.921
802.547, 1436.569
802.702, 1436.167
802.8571, 1411.813
803.0121, 1409.759
803.1671, 1469.751
803.3221, 1486.39
803.4772, 1482.337
803.6321, 1540.275
803.7872, 1534.151
803.9421, 1566.958
804.0972, 1596.684
804.2521, 1611.019
804.4072, 1560.684
804.5621, 1591.261
804.7171, 1614.994
804.8721, 1595.483
805.027, 1615.86
805.182, 1698.813
805.337, 1727.081
805.4919, 1736.012
805.6469, 1773.021
805.8019, 1805.563
805.9568, 1748.066
806.1118, 1737.361
806.2667, 1796.342
806.4216, 1786.4
806.5765, 1802.112
806.7314, 1883.602
806.8864, 1913.349
807.0413, 1910.906
807.1962, 1878.195
807.3511, 1930.514
807.506, 1904.618
807.6609, 1961.786
807.8158, 1927.453
807.9707, 1972.562
808.1256, 1987.405
808.2805, 1941.34
808.4354, 2011.353
808.5902, 2028.883
808.7451, 1998.837
808.9, 2093.068
809.0548, 2127.302
809.2097, 2101.442
809.3645, 2070.186
809.5193, 2120.531
809.6742, 2108.17
809.829, 2131.312
809.9838, 2146.511
810.1387, 2134.066
810.2935, 2186.663
810.4483, 2258.482
810.6031, 2282.746
810.7579, 2302.353
810.9128, 2342.323
811.0676, 2361.937
811.2224, 2371.167
811.3771, 2369.441
811.5319, 2366.575
811.6867, 2421.423
811.8415, 2475.059
811.9963, 2490.788
812.1511, 2509.923
812.3058, 2578.473
812.4606, 2620.446
812.6153, 2728.939
812.7701, 2625.61
812.9248, 2581.436
813.0796, 2584.527
813.2343, 2660.416
813.389, 2607.316
813.5438, 2756.804
813.6985, 2780.583
813.8532, 2754.531
814.0079, 2778.168
814.1627, 2797.053
814.3174, 2821.666
814.472, 2850.654
814.6268, 2793.044
814.7814, 2813.075
814.9362, 2858.554
815.0908, 2878.897
815.2455, 2908.728
815.4002, 2974.644
815.5549, 3048.223
815.7095, 2992.543
815.8642, 2997.053
816.0189, 3007.909
816.1735, 3035.044
816.3281, 3020.218
816.4828, 3142.594
816.6375, 3168.94
816.7921, 3160.127
816.9467, 3154.907
817.1013, 3230.648
817.256, 3177.078
817.4106, 3260.953
817.5652, 3297.112
817.7198, 3332.12
817.8744, 3350.781
818.029, 3507.892
818.1836, 3485.299
818.3382, 3471.143
818.4928, 3503.155
818.6474, 3491.554
818.8019, 3688.573
818.9565, 3630.555
819.1111, 3637.231
819.2657, 3668.885
819.4202, 3737.138
819.5748, 3786.494
819.7293, 3840.981
819.8839, 3685.427
820.0385, 3757.042
820.193, 3824.765
820.3475, 3907.314
820.502, 3939.949
820.6566, 4051.576
820.8111, 4085.238
820.9656, 4073.153
821.1201, 4199.177
821.2746, 4234.782
821.4291, 4176.896
821.5836, 4288.827
821.7381, 4339.417
821.8926, 4322.074
822.0471, 4409.385
822.2015, 4424.946
822.356, 4351.011
822.5105, 4353.843
822.665, 4416.781
822.8195, 4459.385
822.9739, 4471.763
823.1284, 4521.273
823.2828, 4536.508
823.4373, 4561.924
823.5917, 4675.255
823.7462, 4704.44
823.9006, 4666.627
824.055, 4720.392
824.2094, 4789.997
824.3638, 4843.98
824.5182, 4877.866
824.6727, 4807.77
824.827, 4746.063
824.9814, 4714.952
825.1359, 4812.901
825.2902, 4935.002
825.4446, 5039.844
825.599, 5088.619
825.7534, 5214.467
825.9078, 5307.582
826.0621, 5186.112
826.2165, 5286.621
826.3708, 5416.732
826.5252, 5390.554
826.6796, 5429.067
826.8339, 5535.527
826.9882, 5494.439
827.1426, 5507.796
827.2969, 5417.679
827.4512, 5572.689
827.6056, 5554.342
827.7599, 5605.09
827.9142, 5590.183
828.0685, 5573.587
828.2228, 5618.261
828.3771, 5701.553
828.5314, 5820.111
828.6857, 5984.795
828.84, 6047.902
828.9943, 6091.136
829.1486, 6119.452
829.3029, 6023.792
829.4571, 6059.343
829.6114, 6132.625
829.7656, 6074.314
829.9199, 6172.092
830.0742, 6236.613
830.2284, 6293.004
830.3826, 6326.83
830.5369, 6422.239
830.6911, 6488.352
830.8453, 6356.305
830.9996, 6298.127
831.1537, 6328.755
831.308, 6262.75
831.4622, 6273.017
831.6164, 6512.907
831.7706, 6449.553
831.9248, 6464.075
832.079, 6384.632
832.2332, 6514.048
832.3873, 6633.021
832.5415, 6547.154
832.6957, 6647.265
832.8499, 6649.95
833.004, 6640.796
833.1582, 6669.225
833.3124, 6840.78
833.4665, 6685.903
833.6207, 6632.442
833.7748, 6796.815
833.929, 6775.974
834.0831, 6794.656
834.2372, 7013.304
834.3913, 6896.741
834.5455, 6896.549
834.6996, 6914.636
834.8537, 6933.238
835.0078, 6791.377
835.1619, 6896.285
835.316, 6881.999
835.4701, 6885.119
835.6241, 6906.871
835.7783, 6913.151
835.9323, 6938.509
836.0864, 6953.961
836.2405, 6948.269
836.3945, 6931.778
836.5486, 6921.785
836.7026, 7025.231
836.8567, 7019.016
837.0107, 7026.439
837.1648, 7041.593
837.3188, 7014.265
837.4728, 6866.866
837.6269, 6853.9
837.7809, 6924.713
837.9349, 6865.003
838.0889, 6860.992
838.2429, 6832.176
838.397, 6791.5
838.551, 6776.132
838.705, 6783.364
838.8589, 6865.058
839.0129, 6915.768
839.1669, 6971.104
839.3209, 6952.229
839.4749, 6908.274
839.6288, 6893.018
839.7828, 6819.726
839.9368, 6789.698
840.0907, 6773.222
840.2447, 6767.681
840.3986, 6758.285
840.5526, 6802.903
840.7065, 6712.256
840.8604, 6671.671
841.0143, 6668.053
841.1683, 6637.804
841.3222, 6682.652
841.4761, 6657.148
841.63, 6616.358
841.7839, 6498.327
841.9378, 6463.708
842.0917, 6439.695
842.2456, 6445.393
842.3995, 6412.991
842.5533, 6413.966
842.7073, 6401.779
842.8611, 6369.107
843.015, 6214.314
843.1688, 6124.02
843.3227, 6194.263
843.4766, 6183.172
843.6304, 6235.535
843.7842, 6138.554
843.9381, 6114.447
844.0919, 6038.307
844.2458, 6017.558
844.3996, 5757.256
844.5534, 5705.019
844.7072, 5768.229
844.861, 5790.882
845.0148, 5810.268
845.1686, 5807.189
845.3224, 5761.127
845.4763, 5542.558
845.6301, 5453.381
845.7838, 5406.157
845.9376, 5254.192
846.0914, 5207.349
846.2452, 5157.576
846.3989, 5351.24
846.5527, 5321.202
846.7064, 5234.127
846.8602, 5156.414
847.0139, 5103.084
847.1677, 5075.945
847.3214, 4929.471
847.4752, 4874.581
847.6289, 4822.177
847.7826, 4794.291
847.9363, 4772.111
848.09, 4656.844
848.2438, 4702.231
848.3975, 4633.384
848.5511, 4608.112
848.7048, 4584.698
848.8585, 4505.116
849.0122, 4442.305
849.1659, 4292.433
849.3196, 4539.271
849.4733, 4338.004
849.627, 4151.422
849.7806, 4116.696
849.9343, 4047.093
850.0879, 4178.416
850.2416, 4088.729
850.3952, 4053.958
850.5489, 3833.763
850.7025, 3765.661
850.8561, 3789.859
851.0098, 3755.869
851.1634, 3646.881
851.317, 3599.081
851.4706, 3700.299
851.6242, 3649.616
851.7778, 3631.758
851.9314, 3419.417
852.085, 3371.105
852.2386, 3329.889
852.3922, 3233.151
852.5458, 3266.019
852.6993, 3201.303
852.8529, 3152.941
853.0065, 3061.127
853.16, 3020.94
853.3136, 2987.881
853.4672, 2959.886
853.6207, 2872.402
853.7742, 2860.26
853.9278, 2832.928
854.0813, 2814.106
854.2349, 2778.073
854.3884, 2704.571
854.5419, 2599.357
854.6954, 2647.534
854.8489, 2545.824
855.0024, 2507.787
855.1559, 2426.087
855.3094, 2397.415
855.463, 2381.756
855.6164, 2350.755
855.7699, 2300.9
855.9233, 2307.985
856.0768, 2246.66
856.2303, 2237.286
856.3838, 2191.703
856.5372, 2218.016
856.5722, 2351.002
856.7266, 2210.263
856.881, 2053.439
857.0354, 2004.057
857.1898, 1984.767
857.3442, 2066.598
857.4986, 2035.869
857.653, 2002.779
857.8073, 1957.697
857.9617, 1917.328
858.116, 1928.061
858.2704, 1877.289
858.4247, 1846.379
858.5791, 1794.753
858.7335, 1704.974
858.8878, 1673.879
859.0421, 1591.546
859.1965, 1623.428
859.3508, 1622.358
859.5051, 1685.797
859.6594, 1662.572
859.8137, 1629.943
859.9681, 1604.495
860.1224, 1458.098
860.2767, 1492.464
860.431, 1460.336
860.5853, 1458.205
860.7396, 1416.899
860.8938, 1409.1
861.0481, 1387.773
861.2024, 1397.289
861.3566, 1385.135
861.5109, 1323.677
861.6652, 1299.891
861.8194, 1313.041
861.9737, 1269.175
862.1279, 1244.823
862.2822, 1288.425
862.4364, 1158.961
862.5906, 1230.002
862.7449, 1203.454
862.8991, 1168.999
863.0533, 1186.644
863.2075, 1105.647
863.3618, 1150.759
863.5159, 1147.152
863.6702, 1132.029
863.8243, 1169.411
863.9785, 1135.687
864.1327, 1065.644
864.2869, 1051.042
864.4411, 1036.048
864.5953, 1053.845
864.7495, 965.5553
864.9036, 992.0492
865.0577, 978.821
865.2119, 944.2137
865.366, 907.4415
865.5202, 893.9833
865.6743, 910.327
865.8285, 897.3564
865.9826, 886.4464
866.1367, 841.3384
866.2909, 845.45
866.445, 872.8584
866.5991, 875.0565
866.7532, 868.7779
866.9073, 861.2751
867.0614, 851.5269
867.2155, 794.1038
867.3696, 783.9006
867.5237, 816.9681
867.6778, 813.5374
867.8318, 802.7057
867.986, 803.2559
868.14, 784.4443
868.2941, 714.6215
868.4481, 739.2202
868.6022, 722.5677
868.7562, 715.5601
868.9103, 732.9539
869.0643, 737.661
869.2184, 718.1862
869.3724, 733.4223
869.5264, 703.3112
869.6805, 712.9806
869.8345, 672.0061
869.9885, 716.9622
870.1425, 660.5916
870.2965, 653.8288
870.4505, 683.4155
870.6045, 653.2896
870.7585, 627.8672
870.9125, 632.5096
871.0665, 635.5269
871.2205, 640.3215
871.3745, 623.5559
871.5284, 627.5009
871.6824, 606.7316
871.8363, 590.3627
871.9903, 583.7349
872.1442, 598.4993
872.2982, 571.7055
872.4521, 576.9556
872.6061, 564.2646
872.76, 609.8791
872.9139, 553.0981
873.0679, 608.8623
873.2217, 557.5449
873.3757, 541.2516
873.5296, 530.6779
873.6835, 502.5123
873.8374, 521.4795
873.9913, 512.6033
874.1452, 512.2026
874.2991, 521.1492
874.4529, 503.7631
874.6068, 513.9681
874.7607, 474.6214
874.9146, 499.7209
875.0684, 521.0137
875.2223, 537.8786
875.3762, 542.2698
875.53, 533.3573
875.6838, 514.8544
875.8377, 449.2501
875.9915, 443.4135
876.1454, 444.4614
876.2992, 436.7576
876.453, 438.3495
876.6068, 474.5698
876.7606, 477.5293
876.9144, 476.5904
877.0682, 456.5617
877.222, 461.6632
877.3759, 427.2596
877.5297, 424.0357
877.6834, 472.5286
877.8372, 425.5722
877.991, 477.3203
878.1448, 488.1501
878.2985, 472.3592
878.4523, 455.4115
878.6061, 442.5104
878.7598, 477.2952
878.9136, 434.3811
879.0673, 467.6568
879.2211, 436.3773
879.3748, 435.8689
879.5285, 415.5639
879.6823, 415.0323
879.8359, 394.121
879.9897, 426.0195
880.1434, 430.1182
880.2971, 437.7308
880.4508, 406.6887
880.6045, 455.8419
880.7582, 404.4392
880.9119, 436.6832
881.0656, 402.4925
881.2192, 399.6192
881.3729, 421.8667
881.5266, 381.5133
881.6802, 381.4962
881.8339, 380.1141
881.9875, 380.8333
882.1412, 392.4535
882.2949, 437.7343
882.4485, 445.6406
882.6022, 422.8998
882.7558, 444.3212
882.9094, 421.4316
883.063, 406.2982
883.2167, 420.5187
883.3703, 422.4799
883.5239, 429.6517
883.6775, 418.1217
883.8311, 415.4324
883.9847, 403.1677
884.1383, 409.4062
884.2919, 388.5512
884.4454, 411.4394
884.5991, 411.9167
884.7526, 390.0645
884.9062, 412.5536
885.0598, 387.1141
885.2133, 451.4824
885.3669, 407.9153
885.5204, 413.9068
885.674, 447.564
885.8275, 417.1732
885.981, 435.657
886.1346, 443.1385
886.2881, 441.8449
886.4416, 445.8396
886.5952, 397.5514
886.7487, 451.7115
886.9022, 404.005
887.0557, 461.3018
887.2092, 406.9917
887.3627, 412.957
887.5161, 414.8808
887.6696, 413.1266
887.8231, 435.4898
887.9766, 415.9562
888.1301, 440.8089
888.2835, 417.6131
888.437, 415.2518
888.5905, 439.7166
888.7439, 417.6389
888.8973, 416.6066
889.0508, 426.254
889.2042, 466.5454
889.3577, 486.1161
889.5111, 472.64
889.6645, 469.3745
889.8179, 479.7274
889.9713, 492.1111
890.1248, 487.8968
890.2781, 484.644
890.4316, 500.116
890.585, 455.5905
890.7383, 470.1703
890.8917, 458.4756
891.0451, 451.3134
891.1985, 429.3784
891.3519, 443.5249
891.5052, 435.3179
891.6586, 430.8937
891.812, 457.0081
891.9653, 458.6349
892.1187, 456.9594
892.272, 458.4136
892.4254, 478.0983
892.5787, 465.1816
892.732, 467.0076
892.8853, 490.8145
893.0386, 530.5903
893.192, 511.0461
893.3453, 538.8253
893.4986, 515.2626
893.6519, 547.2551
893.8052, 501.7106
893.9585, 501.1409
894.1118, 438.2111
894.2651, 494.9549
894.4183, 469.9232
894.5716, 490.2022
894.7249, 476.8645
894.8782, 501.0307
895.0314, 497.6021
895.1847, 500.7768
895.3379, 504.8878
895.4911, 502.9718
895.6444, 510.5121
895.7977, 509.0369
895.9509, 535.7021
896.1041, 532.1714
896.2573, 532.4547
896.4105, 537.5714
896.5638, 546.0245
896.717, 485.4735
896.8702, 520.2737
897.0234, 491.5899
897.1766, 519.6423
897.3298, 534.676
897.4829, 536.6051
897.6361, 534.0907
897.7893, 543.1044
897.9424, 544.0221
898.0956, 525.0697
898.2488, 539.9208
898.402, 533.3284
898.5551, 557.5233
898.7083, 606.1233
898.8614, 607.2535
899.0145, 602.6454
899.1677, 615.0684
899.3208, 607.2111
899.4739, 591.8802
899.627, 655.4794
899.7802, 544.8557
899.9332, 577.2629
900.0864, 537.7468